CNTER_CTPRVN_CD,CNTER_CTPRVN_NM,CNTER_SIGNGU_CD,CNTER_SIGNGU_NM,MESURE_YEAR,MESURE_NCNT,MBER_CO,YUTH_MBER_CO,YNGBGS_MBER_CO,ADULT_MBER_CO,SNCTZ_MBER_CO,MNGER_INPT_CAS_CO,NBDY_INPT_CAS_CO,GNRL_MESURE_CO,BSTRP_MESURE_CO,MALE_MBER_CO,FEMALE_MBER_CO,GOLDPRZ_CO,SLVRPRZ_CO,BRNZPRZ_CO,PRTCPTPRZ_CO,N10S_BELO_MESURE_AGE_CO,N10S_MESURE_AGE_CO,N20S_MESURE_AGE_CO,N30S_MESURE_AGE_CO,N40S_MESURE_AGE_CO,N50S_MESURE_AGE_CO,N60S_MESURE_AGE_CO,N70S_BELO_MESURE_AGE_CO
11,서울,11740,강동구,2021,50,46,0,0,20,30,50,0,50,0,20,30,1,10,18,21,0,0,4,1,1,3,19,22
11,서울,11350,노원구,2018,6174,5620,0,1722,2746,1706,4612,1562,2268,3906,2115,4059,183,759,1320,3912,0,1815,864,356,433,546,935,1225
11,서울,11710,송파구,2021,7644,6652,305,2412,4274,653,5062,1,3219,4425,5097,2547,546,1303,1670,4125,0,3074,1901,888,440,322,644,375
11,서울,11650,서초구,2020,584,546,0,17,519,48,442,142,304,280,438,146,25,79,156,324,0,120,353,14,5,22,41,29
11,서울,11305,강북구,2021,1993,1456,678,178,924,213,859,0,1147,846,1203,785,123,315,380,1175,0,968,384,70,110,80,281,95
11,서울,11140,중구,2021,1223,1144,0,291,687,245,486,0,808,415,939,284,74,190,283,676,0,398,272,74,32,81,233,133
11,서울,11410,서대문구,2020,187,170,0,11,161,15,0,0,187,0,123,64,11,23,45,108,0,33,80,22,12,13,16,11
11,서울,11650,서초구,2014,5771,94,0,89,4445,1237,2031,0,3777,1994,2225,3546,310,717,1264,3480,0,777,1986,617,371,477,782,761
11,서울,11440,마포구,2020,513,490,0,16,353,144,513,0,489,24,375,138,54,129,127,203,0,61,117,22,12,66,151,84
11,서울,11710,송파구,2016,11079,7744,0,1244,8038,1797,8670,2409,2834,8245,6119,4960,343,1190,2197,7349,0,1541,2528,1249,1283,1688,1806,984
11,서울,11650,서초구,2013,4942,72,0,0,3377,1565,1831,0,4942,0,1444,3498,163,523,1018,3238,0,401,906,553,401,672,1136,873
11,서울,11650,서초구,2015,5074,346,0,553,3214,1307,2733,1146,3084,1990,1999,3075,316,630,1015,3113,0,1051,1305,388,325,369,816,820
11,서울,11710,송파구,2020,5279,5117,4,247,4390,638,4887,207,1455,3824,4022,1257,243,757,1318,2961,0,778,1667,917,578,487,482,370
11,서울,11710,송파구,2010,2,2,0,0,2,0,0,0,2,0,2,0,0,0,0,0,0,0,0,2,0,0,0,0
11,서울,11440,마포구,2019,8891,7980,0,4187,3119,1585,8874,17,2760,6131,5987,2904,446,1228,1933,5284,0,4286,1219,609,371,392,877,1137
11,서울,11200,성동구,2015,6144,882,0,1110,3415,1619,2915,1158,3625,2519,2243,3901,249,662,1224,4009,0,1308,1449,470,477,530,813,1097
11,서울,11410,서대문구,2023,795,724,1,10,581,203,388,0,727,68,479,316,47,138,213,397,0,34,255,37,26,84,274,85
11,서울,11200,성동구,2017,6114,4347,0,2265,2008,1841,5854,260,2595,3519,2482,3632,572,989,1339,3214,0,2369,865,279,246,282,715,1358
11,서울,11545,금천구,2017,7149,5176,0,1286,3425,2438,7149,0,3537,3612,2496,4653,438,1027,1446,4238,0,1327,675,777,507,743,1497,1623
11,서울,11200,성동구,2014,5587,177,0,629,3406,1552,1554,0,3786,1801,1972,3615,240,644,1107,3596,0,869,1427,368,445,641,812,1025
11,서울,11350,노원구,2020,1,1,0,0,1,0,0,1,1,0,1,0,0,0,0,1,0,0,0,1,0,0,0,0
11,서울,11710,송파구,2015,5686,344,0,469,4309,908,2944,1865,3918,1768,2655,3031,118,500,1069,3999,0,696,1632,788,497,774,786,513
11,서울,11590,동작구,2018,7701,6680,0,4963,1377,1361,7701,0,1185,6516,3621,4080,494,1184,1798,4225,0,4986,302,184,184,312,806,927
11,서울,11590,동작구,2017,4730,3574,0,501,2170,2059,4533,197,1801,2929,1556,3174,267,693,1083,2687,0,543,449,296,317,540,1235,1350
11,서울,11545,금천구,2019,7242,5666,0,1145,3761,2336,7242,0,2732,4510,3594,3648,629,1222,1737,3654,0,1205,1019,751,515,827,1429,1496
11,서울,11650,서초구,2019,6665,5194,0,2416,3317,932,5104,1561,2574,4091,3283,3382,496,998,1603,3568,0,2741,1944,328,238,271,493,650
11,서울,11710,송파구,2014,1476,96,0,47,1124,305,1178,0,1453,23,590,886,24,126,328,998,0,83,265,207,182,262,334,143
11,서울,11440,마포구,2022,2265,1988,4,347,1364,550,2264,0,1844,421,1553,712,237,437,524,1067,0,446,491,177,96,190,580,285
11,서울,11350,노원구,2019,5237,4320,0,1593,2013,1631,4297,940,1587,3650,1821,3416,165,639,1222,3211,0,1665,689,246,212,419,843,1163
11,서울,11200,성동구,2013,4148,122,0,0,2697,1451,2594,0,4148,0,1434,2714,171,469,921,2587,0,27,776,345,454,673,1019,854
11,서울,11200,성동구,2020,558,544,0,19,355,184,558,0,500,58,372,186,88,149,122,199,0,41,166,40,20,30,167,94
11,서울,11440,마포구,2016,1211,834,0,159,688,364,937,274,930,281,483,728,39,106,212,854,0,186,232,124,95,105,260,209
11,서울,11200,성동구,2016,6100,3813,0,2089,2312,1699,3639,2461,3126,2974,2476,3624,459,939,1253,3449,0,2190,969,269,363,359,797,1153
11,서울,11650,서초구,2023,599,581,0,13,429,157,599,0,512,87,327,272,55,110,154,280,0,47,242,29,21,36,131,93
11,서울,11710,송파구,2019,14692,11430,0,5534,6923,2235,13381,1311,2996,11696,8107,6585,720,1910,3229,8833,0,5866,2655,1216,876,934,1710,1435
11,서울,11545,금천구,2015,5392,750,0,81,3109,2202,3050,1841,3749,1643,1774,3618,167,567,1060,3598,0,166,727,541,484,680,1382,1412
11,서울,11590,동작구,2019,7828,7193,0,4223,1736,1869,7828,0,1312,6516,4702,3126,348,1054,1896,4530,0,4251,399,263,193,387,1006,1329
11,서울,11200,성동구,2018,6730,6055,0,2387,2294,2049,6729,1,2944,3786,3168,3562,587,1102,1558,3483,0,2558,817,293,223,417,913,1509
11,서울,11350,노원구,2016,3410,2277,0,563,1847,1000,2367,1043,1439,1971,1503,1907,55,246,605,2504,0,632,457,320,322,420,519,740
11,서울,11650,서초구,2017,5725,3281,0,2346,2217,1162,4216,1509,2334,3391,2715,3010,371,749,1214,3391,0,2642,839,252,239,268,765,720
11,서울,11305,강북구,2022,2593,2316,583,104,1369,537,1076,0,1544,1049,1478,1115,148,362,566,1517,0,768,364,196,167,233,585,280
11,서울,11650,서초구,2018,7103,3718,0,3811,2432,860,5608,1495,1901,5202,3875,3228,463,945,1505,4190,0,4122,1281,210,202,210,544,534
11,서울,11440,마포구,2018,8972,7878,0,4082,3182,1708,8284,688,2812,6160,4682,4290,527,1482,2205,4758,0,4199,1003,557,429,515,1081,1188
11,서울,11440,마포구,2017,7270,5397,0,2108,3404,1758,5505,1765,3324,3946,2655,4615,346,982,1587,4355,0,2173,818,616,668,653,1120,1222
11,서울,11650,서초구,2016,5290,2699,0,1107,2964,1219,3722,1568,2737,2553,2393,2897,255,680,1033,3322,0,1581,1196,344,290,368,775,736
11,서울,11710,송파구,2017,18305,13848,0,4183,11685,2437,15789,2516,3287,15018,9169,9136,1032,2386,4025,10862,0,4556,2831,2152,2369,2523,2532,1342
11,서울,11350,노원구,2017,5798,4321,0,2018,2628,1152,4486,1312,1876,3922,1374,4424,167,615,1153,3863,0,2136,717,459,417,591,639,839
11,서울,11545,금천구,2016,6619,4366,0,780,3762,2077,6076,543,3369,3250,2411,4208,296,724,1385,4214,0,906,917,732,609,822,1158,1475
11,서울,11140,중구,2022,3000,2857,266,1188,1217,329,1695,0,1352,1648,1142,1858,134,350,637,1879,0,1574,506,136,82,158,407,137
11,서울,11740,강동구,2022,1694,1381,0,80,1201,413,1655,0,1694,0,1094,600,146,333,441,774,0,146,444,142,93,182,468,219
11,서울,11710,송파구,2022,10274,8492,1767,2069,5245,1193,8420,0,4345,5929,6074,4200,842,1738,2151,5492,0,4165,2068,1169,528,545,1131,668
11,서울,11200,성동구,2022,3257,3089,1445,531,920,361,3257,0,1135,2122,1722,1535,161,440,875,1781,0,2053,356,87,57,169,336,199
11,서울,11410,서대문구,2022,2752,2373,546,101,1608,497,1457,0,2001,751,1654,1098,171,428,677,1476,0,767,463,174,178,273,677,220
11,서울,11590,동작구,2020,501,482,0,17,210,274,501,0,455,46,356,145,30,97,149,225,0,47,90,15,6,23,151,169
11,서울,11650,서초구,2022,3907,3303,200,1762,1513,432,3907,0,1405,2502,2094,1813,252,537,757,2361,0,2136,813,128,96,168,315,251
11,서울,11650,서초구,2021,3460,3280,0,1929,1249,282,3460,0,1405,2055,2175,1285,234,487,722,2017,0,2139,641,105,69,130,203,173
11,서울,11590,동작구,2022,3748,3200,5,761,2373,609,3748,0,2866,882,2755,993,394,758,921,1675,0,973,968,286,178,369,660,314
11,서울,11200,성동구,2019,7121,6552,0,2665,2545,1911,7121,0,2695,4426,3697,3424,622,1152,1796,3551,0,2797,1325,257,203,308,822,1409
11,서울,11440,마포구,2021,1604,1407,0,78,1239,287,1604,0,1604,0,1054,550,172,383,439,610,0,212,588,107,68,135,352,142
11,서울,11305,강북구,2023,482,442,0,6,342,134,0,0,482,0,337,145,17,75,125,265,0,15,123,19,18,52,203,52
11,서울,11710,송파구,2011,82,1,0,0,82,0,0,0,82,0,48,34,7,16,30,29,0,1,28,26,20,6,1,0
11,서울,11440,마포구,2023,658,605,0,14,357,287,658,0,621,37,405,253,104,179,155,220,0,18,83,26,23,74,276,158
11,서울,11590,동작구,2023,1017,929,0,23,742,252,1017,0,933,84,574,443,68,201,251,497,0,38,288,58,55,154,303,121
11,서울,11590,동작구,2021,1682,1394,213,185,1140,144,1682,0,1395,287,1046,636,86,235,406,955,0,583,626,62,42,130,158,81
11,서울,11545,금천구,2018,7270,6072,0,857,4305,2108,7270,0,3111,4159,3519,3751,468,1127,1636,4039,0,950,1225,1042,689,714,1223,1427
11,서울,11140,중구,2023,540,510,31,8,327,174,177,0,414,126,335,205,25,86,121,308,0,66,182,15,15,31,145,86
11,서울,11200,성동구,2023,942,922,92,322,335,193,942,0,528,414,495,447,73,192,249,428,0,420,106,27,31,62,194,102
11,서울,11710,송파구,2023,2562,2480,2,210,1896,454,2193,0,1239,1323,1485,1077,163,387,438,1567,0,252,751,435,229,207,461,227
11,서울,11200,성동구,2021,157,148,0,4,118,35,157,0,138,19,97,60,14,33,45,65,0,10,36,6,6,23,62,14
11,서울,11140,중구,2020,283,273,0,4,241,38,133,0,160,123,208,75,15,54,81,133,0,57,124,11,2,20,46,23
11,서울,11410,서대문구,2021,1377,1121,1,187,1014,175,71,0,1324,53,969,408,71,177,380,749,0,373,493,79,48,63,242,79
11,서울,11710,송파구,2018,16170,13537,0,3470,9819,2881,14665,1505,2648,13522,8652,7518,877,2158,3469,9666,0,3832,3219,1757,1718,1715,2086,1843
11,서울,11305,강북구,2020,83,72,0,5,70,8,1,0,83,0,47,36,7,18,23,35,0,23,29,4,3,5,15,4
26,부산,26470,연제구,2020,176,162,18,29,123,6,145,0,72,104,142,34,13,33,33,97,0,71,42,38,11,7,2,5
26,부산,26320,북구,2018,3451,3155,0,1149,1843,459,3451,0,1367,2084,1436,2015,119,327,616,2389,0,1227,286,279,439,547,439,234
26,부산,26320,북구,2019,5546,4413,0,2835,2356,355,5546,0,1115,4431,3254,2292,385,847,1213,3101,0,3147,953,255,337,327,307,220
26,부산,26530,사상구,2018,6126,5198,0,2593,2585,948,5591,535,1047,5079,3084,3042,319,729,1275,3803,0,2628,414,299,550,875,869,491
26,부산,26380,사하구,2015,5260,1493,0,2187,2572,501,3738,0,2085,3175,2850,2410,161,535,1068,3496,0,2280,763,238,337,748,689,205
26,부산,26290,남구,2023,787,749,2,20,651,114,787,0,417,370,507,280,44,100,165,478,0,179,299,44,34,59,132,40
26,부산,26410,금정구,2014,26,1,0,0,7,19,0,0,26,0,21,5,0,3,7,16,0,0,1,2,2,2,9,10
26,부산,26410,금정구,2023,455,383,0,14,304,137,176,279,325,130,296,159,12,54,114,275,0,22,80,51,22,50,155,75
26,부산,26470,연제구,2023,453,418,0,19,299,135,47,0,407,46,219,234,23,66,128,236,0,31,113,31,37,62,108,71
26,부산,26170,동구,2023,287,256,0,11,228,48,48,0,239,48,123,164,19,61,64,143,0,23,104,31,32,26,53,18
26,부산,26380,사하구,2023,230,223,7,10,122,91,230,0,200,30,84,146,15,36,59,120,0,18,54,10,16,19,59,54
26,부산,26170,동구,2021,1378,1136,82,120,877,299,142,0,1247,131,721,657,118,301,328,631,0,338,320,137,117,115,148,203
26,부산,26410,금정구,2020,1236,1080,0,136,793,307,345,891,1099,137,964,272,110,215,272,639,0,274,342,100,54,95,174,197
26,부산,26170,동구,2022,1481,1219,108,54,1147,172,474,0,1040,441,729,752,127,299,306,749,0,213,256,142,226,295,247,102
26,부산,26530,사상구,2022,3443,3122,65,1853,1446,79,3433,10,1664,1779,2489,954,212,516,726,1989,0,2088,602,198,243,171,102,39
26,부산,26290,남구,2021,2368,2109,103,801,1312,152,2363,5,971,1397,1405,963,178,318,521,1351,0,1174,509,141,150,141,196,57
26,부산,26530,사상구,2021,2162,1790,6,761,1350,45,2158,4,1483,679,1448,714,142,334,545,1141,0,962,531,190,221,170,65,23
26,부산,26380,사하구,2022,2858,2122,53,1197,1077,531,2858,0,926,1932,1503,1355,213,465,602,1578,0,1395,269,167,221,183,324,299
26,부산,26380,사하구,2021,2337,1678,3,1030,1012,292,2337,0,553,1784,1323,1014,196,380,495,1266,0,1205,280,151,200,170,180,151
26,부산,26380,사하구,2020,1784,1496,0,820,622,342,1784,0,830,954,899,885,156,282,405,941,0,995,235,58,42,48,196,210
26,부산,26410,금정구,2022,3080,2731,1484,280,1147,169,2057,1023,1146,1934,1549,1531,109,279,502,2190,0,1848,484,176,172,160,133,107
26,부산,26470,연제구,2022,2898,2609,1494,64,1148,192,1534,0,1424,1474,1524,1374,135,405,595,1763,0,1610,367,197,192,251,185,96
26,부산,26320,북구,2015,5289,634,0,1264,3466,559,3316,0,2587,2702,2386,2903,255,611,1067,3356,0,1588,986,462,786,668,491,308
26,부산,26530,사상구,2020,1074,952,1,75,729,269,307,767,1056,18,759,315,46,145,278,605,0,200,361,86,52,67,145,163
26,부산,26290,남구,2022,5203,4312,774,1823,2273,333,5203,0,1441,3762,3002,2201,366,679,1070,3088,0,3326,844,192,189,172,346,134
26,부산,26470,연제구,2021,1523,1390,704,68,705,46,872,0,733,790,854,669,69,149,189,1116,0,809,265,146,136,92,55,20
26,부산,26410,금정구,2021,2697,2266,982,401,1212,102,1691,1006,1308,1389,1466,1231,91,248,420,1938,0,1519,535,149,175,169,91,59
26,부산,26380,사하구,2019,5925,4250,0,3940,1651,334,5925,0,1140,4785,2892,3033,390,975,1441,3119,0,4216,887,118,94,141,287,182
26,부산,26290,남구,2019,7291,6236,0,2747,3584,960,7263,28,2037,5254,3346,3945,439,907,1328,4617,0,3462,1269,309,381,562,736,572
26,부산,26410,금정구,2019,3824,3164,0,442,1176,2206,3149,675,820,3004,1429,2395,132,343,819,2530,0,485,328,128,155,316,684,1728
26,부산,26170,동구,2020,251,221,2,15,208,26,5,0,251,0,157,94,13,41,67,130,0,46,72,34,24,37,23,15
26,부산,26530,사상구,2023,923,747,0,402,364,157,923,0,535,388,426,497,90,122,184,527,0,426,130,33,60,77,106,91
26,부산,26290,남구,2018,6974,5809,0,3465,2686,823,6888,86,813,6161,3599,3375,471,906,1417,4180,0,3832,736,397,481,441,534,553
26,부산,26320,북구,2014,3662,53,0,616,2596,450,764,0,2661,1001,1158,2504,236,546,869,2011,0,825,563,400,656,565,415,238
26,부산,26290,남구,2020,938,742,2,101,789,46,924,14,727,211,596,342,50,142,197,549,0,251,275,117,127,89,64,15
26,부산,26290,남구,2016,5118,3146,0,1835,2150,1133,4293,825,1452,3666,2528,2590,153,477,905,3583,0,2025,548,370,450,394,712,619
26,부산,26290,남구,2015,4971,280,0,492,3121,1358,3281,466,2785,2186,1787,3184,164,465,1004,3338,0,651,766,470,745,635,953,751
26,부산,26530,사상구,2017,4166,3061,0,115,3269,782,3207,959,1824,2342,1705,2461,98,341,951,2776,0,152,363,580,969,936,764,402
26,부산,26290,남구,2014,4501,64,0,815,2864,822,1258,0,2490,2011,1904,2597,177,423,759,3142,0,931,661,591,737,539,587,455
26,부산,26380,사하구,2017,5251,4077,0,3655,1459,137,5251,0,773,4478,3069,2182,83,422,1301,3445,0,3822,482,213,257,271,147,59
26,부산,26290,남구,2017,6846,5071,0,2979,2473,1394,6207,639,919,5927,2932,3914,341,757,1333,4415,0,3189,519,378,493,538,786,943
26,부산,26410,금정구,2013,3474,5,0,0,2321,1153,2257,0,3474,0,1663,1811,145,327,856,2146,0,269,1162,118,259,400,417,849
26,부산,26380,사하구,2018,5962,4094,0,4261,1511,190,5962,0,565,5397,2865,3097,344,905,1380,3333,0,4448,765,190,151,153,148,107
26,부산,26290,남구,2011,9,2,0,0,9,0,7,0,9,0,2,7,0,0,4,5,0,0,1,1,6,1,0,0
26,부산,26290,남구,2013,3673,58,0,0,2337,1336,1875,0,3673,0,1111,2562,256,522,783,2112,0,34,345,414,584,615,940,741
26,부산,26380,사하구,2016,5632,4097,0,2809,2370,453,5632,0,1091,4541,3483,2149,127,374,1044,4087,0,2939,856,290,300,534,528,185
26,부산,26320,북구,2016,6108,4843,0,3466,2062,580,6108,0,1476,4632,2516,3592,233,680,1241,3954,0,3619,533,268,386,460,529,313
26,부산,26320,북구,2017,5271,3864,0,3275,1676,320,5271,0,1001,4270,2508,2763,296,631,1158,3186,0,3426,481,225,369,290,305,175
26,부산,26530,사상구,2019,6507,5520,0,3144,2701,662,5617,890,1171,5336,2947,3560,215,595,1599,4098,0,3232,933,231,425,672,683,331
26,부산,26290,남구,2012,2984,24,0,0,2984,0,2389,0,2984,0,1128,1856,74,251,699,1960,4,192,479,659,698,713,239,0
27,대구,27290,달서구,2023,287,242,0,22,242,23,11,276,287,0,152,135,19,72,67,129,0,37,94,36,29,49,31,11
27,대구,27290,달서구,2020,1727,1414,0,124,1119,484,253,1474,1579,148,1220,507,208,395,414,710,0,313,440,180,162,68,234,330
27,대구,27290,달서구,2013,4127,46,0,0,2853,1274,2656,0,4127,0,1635,2492,199,512,986,2430,0,62,677,358,499,760,1006,765
27,대구,27290,달서구,2016,5448,3210,0,941,3330,1177,3267,2181,3383,2065,2536,2912,154,664,1129,3501,0,1139,1052,395,556,699,867,740
27,대구,27290,달서구,2019,5904,5080,0,631,3872,1401,3534,2370,2512,3392,2194,3710,249,788,1372,3495,0,866,1297,495,636,754,900,956
27,대구,27290,달서구,2015,5198,480,0,548,3298,1352,3160,1014,3868,1330,2165,3033,172,519,1064,3443,0,641,1090,376,550,724,921,896
27,대구,27290,달서구,2017,5355,3478,0,621,3267,1467,3520,1835,2883,2472,2251,3104,166,644,1215,3330,0,764,723,417,724,831,881,1015
27,대구,27290,달서구,2018,5777,5050,0,801,3358,1618,3822,1955,2426,3351,2316,3461,172,686,1326,3593,0,853,921,456,702,845,856,1144
27,대구,27290,달서구,2014,4174,68,0,944,2263,967,2112,0,3152,1022,1699,2475,125,463,844,2742,0,1089,607,259,337,542,722,618
27,대구,27290,달서구,2021,1404,1087,0,10,1198,196,290,1114,1151,253,898,506,154,303,365,582,0,93,400,231,237,130,193,120
27,대구,27260,수성구,2020,2858,2653,0,208,2533,117,2348,0,754,2104,2229,629,164,393,611,1690,0,543,847,537,467,316,82,66
27,대구,27260,수성구,2022,7345,5883,313,855,6011,166,4002,0,3440,3905,5028,2317,668,1331,1512,3834,0,1712,1676,1353,1143,1040,333,88
27,대구,27290,달서구,2022,1790,1428,0,142,1443,205,574,1216,1312,478,995,795,176,312,479,823,0,239,414,275,321,232,184,125
27,대구,27260,수성구,2021,5151,4058,5,482,4565,99,3062,0,2607,2544,3671,1480,486,1022,1141,2502,0,981,1505,907,762,708,243,45
27,대구,27260,수성구,2023,1240,1078,4,54,1137,45,522,0,750,490,774,466,107,189,251,693,0,94,435,216,169,232,72,22
28,인천,28170,미추홀구,2020,1,1,0,0,1,0,0,0,1,0,1,0,0,0,0,1,0,0,1,0,0,0,0,0
28,인천,28185,연수구,2018,7811,5784,0,5401,1920,490,7766,45,1186,6625,2769,5042,300,734,1519,5258,0,5528,844,315,255,217,317,335
28,인천,28185,연수구,2019,9755,9145,0,6606,2627,522,9755,0,1126,8629,4981,4774,402,1205,2032,6116,0,6717,1250,468,304,328,362,326
28,인천,28140,동구,2021,2936,2722,749,328,1801,58,1953,0,1106,1830,2071,865,198,457,570,1711,0,1229,685,464,264,194,69,31
28,인천,28140,동구,2022,3741,3589,1392,513,1698,138,3108,0,709,3032,2444,1297,208,456,581,2496,0,1995,515,554,297,186,96,98
28,인천,28170,미추홀구,2021,1415,1283,12,183,1157,63,847,0,666,749,934,481,80,222,303,810,0,296,303,300,325,93,66,32
28,인천,28185,연수구,2022,4009,3576,1677,1095,1093,144,3196,0,913,3096,2519,1490,194,501,753,2561,0,2837,403,255,175,109,151,79
28,인천,28140,동구,2020,704,644,10,235,457,2,407,0,309,395,369,335,41,81,139,443,0,316,239,73,25,40,9,2
28,인천,28185,연수구,2020,828,784,0,105,587,136,766,0,541,287,466,362,31,111,208,478,0,200,316,69,37,48,81,77
28,인천,28170,미추홀구,2023,566,526,98,37,383,48,526,0,317,249,336,230,26,87,128,325,0,148,155,63,58,56,64,22
28,인천,28140,동구,2023,248,238,0,10,179,59,79,0,188,60,129,119,13,39,71,125,0,22,84,33,19,10,46,34
28,인천,28185,연수구,2017,7782,5852,0,4956,1728,1098,7418,364,1298,6484,2424,5358,323,968,1767,4724,0,5054,673,248,298,255,477,777
28,인천,28185,연수구,2016,6038,4579,0,2706,2442,890,5316,722,1996,4042,2522,3516,404,869,1260,3505,0,2850,1148,422,292,263,468,595
28,인천,28185,연수구,2023,579,555,21,67,421,70,274,0,317,262,337,242,36,73,164,306,0,102,219,61,37,49,73,38
28,인천,28170,미추홀구,2022,3396,3159,723,737,1803,133,3091,0,737,2659,2468,928,204,485,685,2022,0,1558,827,395,341,94,96,85
28,인천,28185,연수구,2021,761,713,280,34,318,129,469,0,351,410,423,338,27,83,157,494,0,371,203,21,9,13,58,86
28,인천,28185,연수구,2015,4266,408,0,468,2079,1719,3461,385,1904,2362,1925,2341,156,518,988,2604,0,656,773,265,294,323,863,1092
29,광주,29200,광산구,2011,2,1,0,0,2,0,2,0,2,0,0,2,0,0,1,1,0,0,0,0,0,0,2,0
29,광주,29200,광산구,2014,4611,37,0,121,3165,1325,3,0,3204,1407,1524,3087,92,352,884,3283,0,230,979,546,579,653,686,938
29,광주,29110,동구,2019,6652,4643,0,3950,2037,665,6652,0,2290,4362,4288,2364,92,215,615,5730,0,4086,1024,262,179,253,431,417
29,광주,29110,동구,2017,7908,5996,0,3916,3280,712,7908,0,3024,4884,4186,3722,230,698,1843,5137,0,4175,1474,441,406,477,573,362
29,광주,29110,동구,2018,7537,6214,0,3534,3174,829,7537,0,3203,4334,3896,3641,106,626,1865,4940,0,3811,1569,384,269,374,664,466
29,광주,29200,광산구,2020,945,805,0,119,624,202,945,0,861,84,638,307,64,161,258,462,0,236,339,62,34,31,108,135
29,광주,29140,서구,2021,8484,6729,509,3976,3519,480,8353,0,2588,5896,5631,2853,348,882,1431,5823,0,4734,1132,582,641,566,558,271
29,광주,29200,광산구,2016,5690,4703,0,2825,2497,368,5690,0,1481,4209,2114,3576,90,451,954,4195,0,2861,438,398,630,660,524,179
29,광주,29200,광산구,2015,4425,108,0,189,3374,862,2273,0,2370,2055,1710,2715,124,390,839,3072,0,266,948,640,698,673,647,553
29,광주,29200,광산구,2021,1026,830,12,177,665,172,1026,0,656,370,597,429,49,133,228,616,0,265,306,94,78,75,63,145
29,광주,29200,광산구,2012,3020,8,0,0,3020,0,1584,0,3020,0,846,2174,114,276,720,1910,10,197,581,515,699,706,311,1
29,광주,29170,북구,2020,1458,1305,56,782,506,114,1458,0,490,968,839,619,56,162,336,904,0,1002,219,44,23,27,78,65
29,광주,29170,북구,2023,867,817,2,411,442,12,867,0,236,631,261,606,14,59,217,577,0,437,129,77,72,111,37,4
29,광주,29200,광산구,2013,4315,25,0,0,3090,1225,14,0,4315,0,1723,2592,95,379,1000,2841,0,119,1050,639,535,509,592,871
29,광주,29140,서구,2020,519,433,0,85,424,10,235,0,331,188,370,149,17,71,122,309,0,196,253,23,9,12,22,4
29,광주,29170,북구,2019,3503,3356,0,1615,1141,747,3503,0,817,2686,1909,1594,113,370,658,2362,0,1707,517,150,106,168,316,539
29,광주,29200,광산구,2023,148,131,0,33,110,5,148,0,124,24,85,63,11,20,28,89,0,42,31,28,12,19,16,0
29,광주,29110,동구,2016,4266,2989,0,502,3224,540,4266,0,2830,1436,2627,1639,61,166,338,3701,0,676,958,290,515,855,721,251
29,광주,29200,광산구,2018,6125,5625,0,4208,1538,379,6125,0,643,5482,2934,3191,158,398,990,4579,0,4257,410,361,336,293,204,264
29,광주,29140,서구,2023,1350,1266,171,30,886,263,1316,0,648,702,715,635,55,179,307,809,0,227,307,188,108,163,172,185
29,광주,29200,광산구,2017,5551,4672,0,3251,1915,385,5551,0,691,4860,1885,3666,176,500,971,3904,0,3378,425,365,473,404,257,249
29,광주,29200,광산구,2022,1732,1580,18,1052,645,17,1732,0,671,1061,996,736,45,150,188,1349,0,1172,272,93,89,66,33,7
29,광주,29110,동구,2021,3467,3336,59,2494,738,176,3467,0,435,3032,2072,1395,43,107,493,2824,0,2733,395,41,38,43,117,100
29,광주,29200,광산구,2019,6027,5521,0,3383,1860,784,6027,0,987,5040,2428,3599,209,484,909,4425,0,3505,780,299,264,262,345,572
29,광주,29140,서구,2022,10425,8078,800,4273,4550,802,10404,0,2678,7747,6474,3951,475,1347,2012,6591,0,5262,1559,956,768,677,730,473
29,광주,29170,북구,2022,2852,2731,182,2117,430,123,2852,0,554,2298,2263,589,104,258,549,1941,0,2349,126,58,36,85,132,66
29,광주,29110,동구,2022,2286,1803,5,315,1521,445,2286,0,1118,1168,1395,891,101,332,558,1295,0,609,810,164,73,92,234,304
29,광주,29110,동구,2023,586,555,12,95,375,104,586,0,403,183,342,244,23,113,133,317,0,166,165,45,29,43,67,71
29,광주,29170,북구,2021,1204,1124,0,582,508,114,1204,0,416,788,613,591,69,144,250,741,0,668,185,59,53,86,69,84
29,광주,29110,동구,2020,540,511,0,153,290,97,540,0,194,346,396,144,60,91,137,252,0,262,131,15,5,13,52,62
30,대전,30170,서구,2017,6463,5057,0,2135,3002,1326,6463,0,2041,4422,3044,3419,304,715,1268,4176,0,2328,869,389,647,701,579,950
30,대전,30170,서구,2014,4289,77,0,413,2598,1278,3,0,2787,1502,1474,2815,95,363,928,2903,0,613,597,469,614,549,551,896
30,대전,30170,서구,2015,5139,233,0,1134,3023,982,3264,0,2720,2419,2158,2981,111,440,1108,3480,0,1392,770,495,728,562,510,682
30,대전,30170,서구,2013,3984,53,0,0,2477,1507,636,0,3984,0,1317,2667,126,393,840,2625,0,91,341,370,551,749,908,974
30,대전,30170,서구,2019,6280,5526,0,2018,2934,1328,6280,0,1851,4429,2822,3458,419,761,1210,3890,0,2798,883,354,365,441,359,1080
30,대전,30170,서구,2021,3850,3448,6,1990,1756,98,3850,0,1059,2791,2204,1646,193,485,680,2492,0,2770,703,126,46,74,61,70
30,대전,30170,서구,2018,6967,6062,0,2116,3037,1814,6967,0,1600,5367,3241,3726,475,976,1462,4054,0,2436,666,386,663,751,721,1344
30,대전,30170,서구,2023,700,612,1,40,567,92,700,0,585,115,397,303,64,108,147,381,0,87,274,94,51,61,83,50
30,대전,30170,서구,2016,5913,3905,0,1324,3088,1501,5913,0,1655,4258,1980,3933,275,755,1223,3660,0,1597,747,537,701,591,676,1064
30,대전,30170,서구,2022,4081,3382,4,1245,2546,286,4081,0,2014,2067,2702,1379,230,510,808,2533,0,1800,1108,309,197,251,229,187
30,대전,30170,서구,2020,3034,2759,0,1162,1852,20,3034,0,655,2379,1506,1528,209,418,730,1677,0,2021,826,67,28,58,21,13
31,울산,31140,남구,2018,4392,3741,0,1097,2346,949,4350,42,878,3514,2441,1951,155,478,839,2920,0,1292,955,266,270,415,522,672
31,울산,31140,남구,2021,4107,3567,121,2179,1648,159,4107,0,1646,2461,2576,1531,282,491,702,2632,0,2430,753,355,237,131,100,101
31,울산,31140,남구,2022,4052,3324,1,1841,2013,197,4052,0,1669,2383,2625,1427,213,544,875,2420,0,2006,780,423,330,203,192,118
31,울산,31140,남구,2019,6210,5522,0,2628,2386,1196,6154,56,1334,4876,3034,3176,379,797,1328,3706,0,2818,1170,309,226,326,520,841
31,울산,31140,남구,2020,4445,3963,85,1546,2145,669,4444,1,2471,1974,3006,1439,355,742,1069,2279,0,1971,922,290,249,220,356,437
31,울산,31140,남구,2017,373,241,0,2,332,39,373,0,317,56,86,287,7,41,62,263,0,9,56,22,83,109,79,15
31,울산,31140,남구,2023,1871,1795,162,1307,303,99,1871,0,356,1515,1016,855,92,246,443,1090,0,1506,148,45,31,27,50,64
41,경기,41650,포천시,2021,1138,918,384,268,388,98,695,0,541,597,750,388,130,167,139,702,0,727,156,46,30,37,82,60
41,경기,41610,광주시,2021,1682,1325,2,332,1050,298,1563,0,1549,133,1144,538,163,377,455,687,0,686,437,45,21,92,215,186
41,경기,41370,오산시,2017,5204,4295,0,2117,2244,843,4872,332,628,4576,2590,2614,189,502,1033,3480,0,2237,480,601,419,400,541,526
41,경기,41117,수원시 영통구,2021,1743,1534,3,167,1286,287,1497,0,1367,376,1078,665,119,339,483,802,0,445,680,46,53,100,221,198
41,경기,41610,광주시,2022,2259,1849,0,361,1464,434,2044,0,1224,1035,1665,594,159,452,596,1052,0,875,550,66,56,85,372,255
41,경기,41390,시흥시,2020,598,559,0,153,358,87,598,0,374,224,334,264,34,68,167,329,0,245,129,15,32,50,78,49
41,경기,41133,성남시 중원구,2022,4991,3966,125,3414,1048,404,4991,0,1068,3923,2702,2289,314,651,968,3058,0,3605,360,205,140,140,248,293
41,경기,41590,화성시,2022,3272,2503,14,675,1946,637,3272,0,2307,965,1805,1467,262,557,818,1635,0,914,661,208,233,321,556,379
41,경기,41370,오산시,2020,1240,1135,0,68,694,478,1082,158,988,252,717,523,117,267,419,437,0,156,358,12,7,99,308,300
41,경기,41590,화성시,2023,780,691,3,19,554,204,780,0,746,34,472,308,62,136,221,361,0,51,241,38,45,94,190,121
41,경기,41195,부천시 원미구,2022,4514,4264,393,2557,931,633,4514,0,1358,3156,2435,2079,266,604,974,2670,0,3043,323,90,68,149,458,383
41,경기,41287,고양시 일산서구,2023,662,607,0,14,387,261,658,0,662,0,387,275,25,122,191,324,0,27,143,60,45,63,175,149
41,경기,41590,화성시,2015,4420,310,0,144,3100,1176,3116,219,1716,2704,1689,2731,230,513,827,2850,0,226,470,725,796,707,765,731
41,경기,41830,양평군,2023,286,248,0,1,135,150,46,0,248,38,180,106,21,54,76,135,0,2,20,5,13,44,106,96
41,경기,41590,화성시,2014,4148,112,0,115,2726,1307,1258,0,2384,1764,1337,2811,208,479,780,2681,0,271,389,636,657,541,826,828
41,경기,41285,고양시 일산동구,2014,3723,15,0,32,1941,1750,1623,0,2358,1365,1115,2608,219,602,878,2024,0,139,565,146,317,536,805,1215
41,경기,41133,성남시 중원구,2018,6775,6081,0,4053,1721,1001,6464,311,1500,5275,4008,2767,390,841,1319,4225,0,4107,499,384,277,301,444,763
41,경기,41590,화성시,2018,6737,4807,0,2464,3214,1059,6737,0,2254,4483,2809,3928,620,1004,1532,3581,0,2539,607,564,677,887,783,680
41,경기,41195,부천시 원미구,2015,3814,104,0,919,1924,971,2038,511,2040,1774,1378,2436,146,457,792,2419,0,934,425,330,365,530,568,662
41,경기,41210,광명시,2012,3060,1,0,0,3060,0,1447,0,3060,0,649,2411,86,261,625,2088,1,88,347,539,702,968,414,1
41,경기,41390,시흥시,2019,1201,1153,0,294,846,61,1201,0,237,964,572,629,75,168,223,735,0,388,175,116,196,189,104,33
41,경기,41195,부천시 원미구,2017,5227,4254,0,2088,1639,1500,5227,0,1017,4210,2358,2869,193,499,1170,3365,0,2147,413,189,297,469,619,1093
41,경기,41117,수원시 영통구,2023,432,412,0,14,224,194,47,0,417,15,264,168,39,83,157,153,0,30,106,33,13,27,107,116
41,경기,41271,안산시 상록구,2023,798,722,0,40,567,191,797,0,628,170,419,379,52,142,236,368,0,72,250,59,65,87,152,113
41,경기,41650,포천시,2023,486,443,17,51,238,180,483,0,303,183,324,162,35,110,130,211,0,72,70,33,20,32,156,103
41,경기,41590,화성시,1972,1,1,0,0,1,0,0,0,0,1,1,0,0,0,0,1,0,0,0,0,1,0,0,0
41,경기,41210,광명시,2013,4148,11,0,0,2253,1895,1148,0,4148,0,893,3255,265,650,902,2331,0,63,307,285,320,735,1296,1142
41,경기,41370,오산시,2018,5879,5004,0,2864,2064,951,4815,1064,1797,4082,2600,3279,393,844,1345,3297,0,3006,515,326,353,438,579,662
41,경기,41370,오산시,2022,3684,3258,1013,849,1206,616,3684,0,1751,1933,1997,1687,176,516,936,2056,0,2029,426,95,112,186,436,400
41,경기,41271,안산시 상록구,2021,2159,1956,193,1096,729,141,2155,0,771,1388,1492,667,99,280,477,1303,0,1404,360,35,18,119,140,83
41,경기,41133,성남시 중원구,2021,2269,2138,59,1427,602,181,2269,0,546,1723,1279,990,114,299,462,1394,0,1518,200,129,71,115,124,112
41,경기,41150,의정부시,2019,6225,5289,0,2467,2724,1034,6225,0,2880,3345,3466,2759,303,837,1432,3653,0,2729,947,359,325,430,718,717
41,경기,41370,오산시,2023,1139,1048,1,281,508,349,1139,0,832,307,687,452,83,210,305,541,0,311,232,60,43,65,196,232
41,경기,41195,부천시 원미구,2021,2136,1963,0,1332,515,289,2136,0,749,1387,1174,962,115,273,337,1411,0,1427,215,35,28,47,219,165
41,경기,41287,고양시 일산서구,2021,1801,1423,0,276,1189,336,1796,0,1488,313,1183,618,96,309,447,949,0,378,479,156,126,176,283,203
41,경기,41195,부천시 원미구,2016,4909,3809,0,1206,1914,1789,4682,227,1310,3599,2378,2531,227,525,979,3178,0,1357,452,220,338,515,830,1197
41,경기,41590,화성시,2013,5016,87,0,0,3719,1297,1522,0,5016,0,2191,2825,118,546,1102,3250,0,208,624,858,902,809,806,809
41,경기,41610,광주시,2020,391,340,0,50,258,83,333,0,391,0,277,114,29,73,99,190,0,116,143,18,3,20,39,52
41,경기,41370,오산시,2016,3830,3025,0,2544,990,296,3216,614,811,3019,1727,2103,172,460,815,2383,0,2607,175,213,241,178,263,153
41,경기,41650,포천시,2022,2837,2429,1487,371,528,451,2817,0,628,2209,1655,1182,137,335,453,1912,0,1927,194,57,72,63,141,383
41,경기,41287,고양시 일산서구,2022,3915,3511,1852,133,1384,546,3912,0,1743,2172,2205,1710,166,509,811,2429,0,2100,500,223,151,174,431,336
41,경기,41390,시흥시,2023,464,384,32,20,291,121,464,0,405,59,247,217,23,63,114,264,0,62,105,29,44,46,109,69
41,경기,41830,양평군,2022,1787,1596,578,523,442,244,1289,0,583,1204,966,821,68,209,383,1127,0,1108,158,34,50,100,180,157
41,경기,41117,수원시 영통구,2022,3062,2807,524,527,1455,556,1928,0,1541,1521,1930,1132,167,388,656,1851,0,1299,761,57,67,121,432,325
41,경기,41590,화성시,2016,4914,3274,0,418,3343,1153,4914,0,1457,3457,1907,3007,321,732,1044,2817,0,517,509,786,932,693,752,725
41,경기,41150,의정부시,2017,2085,1537,0,553,1168,364,2080,5,1235,850,866,1219,108,234,400,1343,0,574,239,217,227,318,276,234
41,경기,41590,화성시,2019,6163,5062,0,2078,2861,1224,6163,0,2303,3860,2748,3415,547,942,1273,3401,0,2196,846,363,506,667,773,812
41,경기,41195,부천시 원미구,2019,6684,6329,0,3667,1988,1029,6684,0,1725,4959,3234,3450,398,963,1575,3748,0,3772,908,181,172,350,554,747
41,경기,41590,화성시,2017,5280,3291,0,243,3530,1507,5280,0,1941,3339,1554,3726,516,874,1164,2726,0,317,440,696,1130,777,941,979
41,경기,41210,광명시,2011,5,1,0,0,5,0,3,0,5,0,1,4,0,0,3,2,0,0,0,2,0,0,3,0
41,경기,41287,고양시 일산서구,2020,498,494,0,12,440,46,237,0,498,0,367,131,15,58,121,304,0,25,111,110,95,81,52,24
41,경기,41360,남양주시,2013,3570,9,0,0,2158,1412,988,0,3570,0,905,2665,166,454,804,2146,0,6,278,314,412,717,975,868
41,경기,41390,시흥시,2022,3259,2900,1687,355,1007,210,3259,0,1174,2085,1787,1472,104,296,560,2299,0,2223,356,75,141,140,196,128
41,경기,41150,의정부시,2018,6206,5462,0,3364,1544,1298,6206,0,1736,4470,2899,3307,234,668,1225,4079,0,3384,323,200,249,432,647,971
41,경기,41370,오산시,2019,6021,5131,0,241,3903,1877,4161,1860,3200,2821,2948,3073,328,812,1607,3274,0,808,1494,444,368,583,1020,1304
41,경기,41590,화성시,2021,1039,686,5,67,704,263,1039,0,1031,8,551,488,88,204,290,457,0,145,239,75,82,111,230,157
41,경기,41287,고양시 일산서구,2010,12,8,0,0,12,0,0,0,12,0,9,3,0,0,0,12,0,1,7,2,1,0,1,0
41,경기,41650,포천시,2020,290,264,3,48,192,47,63,0,267,23,195,95,19,39,77,155,0,102,79,18,6,22,30,33
41,경기,41271,안산시 상록구,2020,234,216,0,6,190,38,212,0,101,133,169,65,7,33,54,140,0,50,114,4,3,5,37,21
41,경기,41195,부천시 원미구,2018,4482,4037,0,1728,1559,1195,4482,0,1478,3004,1812,2670,195,571,1040,2676,0,1759,370,205,241,410,592,905
41,경기,41370,오산시,2021,925,681,1,44,681,199,925,0,716,209,625,300,46,152,247,480,0,254,323,33,41,32,108,134
41,경기,41133,성남시 중원구,2017,4257,3024,0,1382,2024,851,3333,924,1165,3092,2238,2019,209,515,890,2643,0,1405,374,470,494,464,470,580
41,경기,41830,양평군,2021,671,542,106,12,429,124,339,0,538,133,296,375,30,110,182,349,0,187,135,50,43,76,109,71
41,경기,41590,화성시,2020,532,464,0,97,310,125,531,0,370,162,317,215,38,85,137,272,0,147,113,15,38,51,96,72
41,경기,41195,부천시 원미구,2020,604,582,0,22,352,230,604,0,400,204,377,227,55,147,183,219,0,61,136,19,10,67,170,141
41,경기,41133,성남시 중원구,2020,790,741,0,39,538,213,790,0,540,250,503,287,44,126,196,424,0,60,195,90,69,102,131,143
41,경기,41150,의정부시,2023,1288,1256,0,811,227,250,1288,0,432,856,736,552,62,194,310,722,0,823,28,27,19,54,213,124
41,경기,41195,부천시 원미구,2023,630,579,0,10,331,289,630,0,536,94,332,298,44,133,219,234,0,24,110,38,26,55,220,157
41,경기,41150,의정부시,2020,889,815,16,84,485,304,889,0,841,48,603,286,31,126,267,465,0,134,189,44,29,88,206,199
41,경기,41150,의정부시,2022,4427,3941,307,1947,1599,574,4427,0,2141,2286,2356,2071,225,659,986,2557,0,2535,597,115,112,201,575,292
41,경기,41133,성남시 중원구,2023,602,551,1,40,292,269,602,0,514,88,309,293,67,140,136,259,0,52,99,35,37,47,132,200
41,경기,41271,안산시 상록구,2022,2651,2352,76,885,1357,333,2651,0,1372,1279,1563,1088,125,425,685,1416,0,1130,634,127,72,164,381,143
41,경기,41133,성남시 중원구,2019,6636,5654,0,4283,1279,1074,6104,532,1583,5053,3531,3105,388,884,1384,3980,0,4314,470,225,185,189,458,795
41,경기,41610,광주시,2023,877,836,0,65,531,281,446,0,502,375,621,256,58,197,277,345,0,202,244,25,15,49,143,199
41,경기,41390,시흥시,2021,947,823,468,14,353,112,947,0,479,468,502,445,28,78,156,685,0,535,130,25,29,78,91,59
41,경기,41150,의정부시,2021,4098,3626,0,2339,1346,413,4097,1,2022,2076,2601,1497,133,515,909,2541,0,2562,580,98,65,148,421,224
42,강원,42150,강릉시,2016,4868,3674,0,2861,1808,199,4181,687,1032,3836,3668,1200,223,577,958,3110,0,3403,976,71,80,102,96,140
42,강원,42230,삼척시,2020,1817,1682,2,521,981,313,1817,0,287,1530,883,934,54,183,366,1214,0,568,406,269,158,80,138,198
42,강원,42130,원주시,2018,5328,4430,0,3591,1421,316,4111,1217,1290,4038,3362,1966,325,598,958,3447,0,3743,548,121,164,275,263,214
42,강원,42150,강릉시,2018,5901,5377,0,3996,1626,279,5718,183,514,5387,2763,3138,392,825,1308,3376,0,4350,619,122,243,199,170,198
42,강원,42230,삼척시,2023,1215,1177,23,975,97,120,1215,0,60,1155,91,1124,37,109,219,850,0,999,57,15,8,1,64,71
42,강원,42110,춘천시,2019,6220,5093,0,1483,3824,913,5673,547,1503,4717,3401,2819,275,739,1325,3881,0,2000,2384,235,216,266,447,672
42,강원,42230,삼척시,2019,7293,6712,13,5178,1318,784,7293,0,815,6478,3969,3324,313,813,1411,4756,0,5460,818,72,40,66,238,599
42,강원,42230,삼척시,2021,3064,2985,195,1869,906,94,3064,0,219,2845,1716,1348,89,286,431,2258,0,2117,301,248,179,106,55,58
42,강원,42150,강릉시,2021,3192,2935,49,2041,1092,10,3192,0,822,2370,2031,1161,211,409,637,1935,0,2324,415,185,128,99,39,2
42,강원,42150,강릉시,2023,477,463,59,24,360,34,477,0,302,175,352,125,35,71,95,276,0,195,208,12,9,7,20,26
42,강원,42130,원주시,2019,5429,4419,0,3127,1920,382,4041,1388,1457,3972,3570,1859,312,643,1177,3297,0,3736,681,196,133,179,254,250
42,강원,42130,원주시,2017,4811,3440,0,2671,1751,389,3332,1479,1637,3174,2121,2690,277,519,911,3104,0,2888,606,205,261,306,278,267
42,강원,42130,원주시,2020,1309,1067,0,119,981,209,663,646,762,547,944,365,103,183,350,673,0,486,442,34,34,56,103,154
42,강원,42110,춘천시,2023,513,492,0,11,437,65,513,0,135,378,230,283,11,37,80,385,0,143,131,19,80,63,28,49
42,강원,42130,원주시,2022,6223,5441,687,3739,1483,314,6223,0,921,5302,3253,2970,313,699,1131,4080,0,4857,642,50,49,171,267,187
42,강원,42150,강릉시,2020,2501,2110,1,755,1562,183,2482,19,1828,673,1828,673,219,461,602,1219,0,1231,839,96,60,41,113,121
42,강원,42130,원주시,2023,714,684,0,106,474,134,714,0,247,467,504,210,27,90,145,452,0,173,239,38,34,44,105,81
42,강원,42230,삼척시,2022,3277,3112,235,1890,1020,132,3277,0,469,2808,1689,1588,118,305,556,2298,0,2218,394,226,179,101,74,85
42,강원,42110,춘천시,2022,3545,3036,0,1357,1498,690,3545,0,1160,2385,2205,1340,237,429,602,2277,0,1652,701,140,100,145,218,589
42,강원,42130,원주시,2016,4692,3185,0,2641,1641,410,3129,1563,1714,2978,2533,2159,212,465,862,3153,0,2728,448,267,373,336,261,279
42,강원,42130,원주시,2021,3866,3351,566,1636,1437,227,3789,77,1150,2716,2319,1547,211,414,665,2576,0,2643,468,85,99,205,247,119
42,강원,42190,태백시,2020,13,10,0,3,10,0,13,0,13,0,11,2,2,2,0,9,0,4,8,1,0,0,0,0
42,강원,42110,춘천시,2021,1917,1606,4,865,925,123,1913,4,973,944,1113,804,118,274,347,1178,0,1035,323,107,146,133,83,90
42,강원,42190,태백시,2021,586,571,287,254,43,2,585,0,64,522,303,283,23,52,47,464,0,546,21,8,2,2,6,1
42,강원,42130,원주시,2013,3919,33,0,0,2723,1196,1449,0,3919,0,1514,2405,157,439,801,2522,0,169,823,405,467,566,723,766
42,강원,42190,태백시,2023,42,39,0,4,31,7,38,0,42,0,26,16,2,5,11,24,0,5,8,5,5,9,5,5
42,강원,42110,춘천시,2020,898,848,0,289,379,230,874,24,493,405,668,230,49,116,194,539,0,340,186,28,16,38,131,159
42,강원,42190,태백시,2022,1914,1854,497,972,335,110,1913,0,196,1718,887,1027,94,262,339,1219,0,1479,76,41,45,96,113,64
42,강원,42150,강릉시,2022,4615,4325,499,2801,1264,51,4587,28,909,3706,3033,1582,215,499,848,3053,0,3500,559,231,116,116,71,22
42,강원,42130,원주시,2015,5058,203,0,1537,2764,757,3815,427,2072,2986,2855,2203,156,470,963,3469,0,1661,1275,265,369,532,433,523
42,강원,42130,원주시,2014,4122,41,0,614,2600,908,981,0,1995,2127,1729,2393,147,424,794,2757,1,715,917,309,428,597,540,615
42,강원,42150,강릉시,2017,6511,5571,0,4823,1477,211,6082,429,617,5894,4188,2323,543,1065,1547,3356,0,5117,820,109,112,92,109,152
42,강원,42130,원주시,2012,3109,18,0,0,3109,0,2329,0,3109,0,1028,2081,72,248,710,2079,9,73,640,630,796,777,184,0
42,강원,42110,춘천시,2018,3220,2747,0,720,2306,194,2521,699,1031,2189,1697,1523,147,292,599,2182,0,975,1150,253,333,220,171,118
42,강원,42150,강릉시,2019,5627,5036,1,3824,1588,214,5459,168,523,5104,2593,3034,460,829,1163,3175,0,4174,776,88,125,153,176,135
42,강원,42150,강릉시,2015,4222,634,0,1427,2407,388,3049,592,1300,2922,2859,1363,146,418,856,2802,0,1898,1282,87,200,223,298,234
42,강원,42130,원주시,2011,2,1,0,0,2,0,0,0,2,0,0,2,0,0,1,1,0,0,0,0,1,0,1,0
42,강원,42230,삼척시,2018,4433,4064,0,3151,1009,273,4415,18,510,3923,3334,1099,152,426,821,3034,0,3344,580,55,55,94,105,200
43,충북,43740,영동군,2017,4706,3727,0,1921,2201,584,4558,148,607,4099,2206,2500,198,528,991,2989,0,2144,608,273,355,499,462,365
43,충북,43740,영동군,2016,4800,3062,0,1915,2247,638,4277,523,1284,3516,2137,2663,151,483,896,3270,0,2215,752,265,327,424,364,453
43,충북,43130,충주시,2019,6666,4959,0,4926,1074,666,6618,48,434,6232,4285,2381,311,696,1141,4518,0,4941,527,135,113,177,236,537
43,충북,43113,청주시 흥덕구,2016,5127,2573,0,1414,2566,1147,1775,3352,3462,1665,1958,3169,405,703,1027,2992,0,1485,392,268,509,835,878,760
43,충북,43113,청주시 흥덕구,2015,4940,368,0,126,2929,1885,2544,1888,4053,887,1370,3570,564,809,977,2590,0,235,575,290,593,913,930,1404
43,충북,43745,증평군,2018,4123,3491,0,1761,1256,1106,4120,3,1457,2666,1957,2166,199,616,869,2439,0,1770,199,243,268,250,646,747
43,충북,43113,청주시 흥덕구,2017,5430,2943,0,1269,3189,972,2074,3356,3477,1953,1967,3463,334,699,1077,3320,0,1341,451,379,569,1174,1011,505
43,충북,43113,청주시 흥덕구,2018,5697,4041,0,1230,3266,1201,2421,3276,3398,2299,1833,3864,286,703,1191,3517,0,1270,543,324,534,1107,1277,642
43,충북,43740,영동군,2015,4487,1013,0,1810,2172,505,3037,747,2145,2342,2096,2391,183,378,901,3025,0,2177,923,265,300,243,207,372
43,충북,43740,영동군,2014,3833,106,0,920,2326,587,1959,0,3017,816,1568,2265,174,434,815,2410,0,1056,698,417,560,412,308,382
43,충북,43130,충주시,2018,4307,3011,0,2565,996,746,4035,272,751,3556,2301,2006,207,482,801,2817,0,2676,372,112,140,178,233,596
43,충북,43113,청주시 흥덕구,2019,6007,3391,0,832,3415,1760,1911,4096,4515,1492,1700,4307,422,888,1272,3425,0,930,519,251,436,1121,1850,900
43,충북,43113,청주시 흥덕구,2014,4658,175,0,789,2708,1161,3021,0,3748,910,1695,2963,503,657,952,2546,0,839,465,328,608,830,912,676
43,충북,43113,청주시 흥덕구,2021,894,687,0,133,712,49,739,155,849,45,546,348,56,152,267,419,0,239,463,64,28,30,37,33
43,충북,43740,영동군,2019,5156,4516,0,3191,1453,512,5154,2,456,4700,2792,2364,273,644,1070,3169,0,3399,499,162,202,274,251,369
43,충북,43750,진천군,2023,165,151,15,57,88,5,165,0,65,100,106,59,8,27,36,94,0,104,32,5,9,4,10,1
43,충북,43745,증평군,2023,296,284,10,167,91,28,296,0,73,223,268,28,6,31,41,218,0,195,52,5,7,4,17,16
43,충북,43750,진천군,2020,376,306,1,38,335,2,360,0,268,108,283,93,34,71,86,185,0,141,167,29,14,13,10,2
43,충북,43740,영동군,2018,5311,4715,0,2955,1765,591,5299,12,534,4777,2705,2606,235,616,1151,3309,0,3106,510,279,266,362,389,399
43,충북,43113,청주시 흥덕구,2020,961,927,0,47,577,337,139,822,950,11,433,528,68,164,229,500,0,127,192,26,28,120,274,194
43,충북,43745,증평군,2020,1145,939,2,130,769,244,1145,0,856,289,764,381,67,198,303,577,0,319,344,80,54,58,136,154
43,충북,43740,영동군,2022,2597,2482,205,1660,453,279,2596,1,134,2463,1594,1003,138,394,638,1427,0,1887,178,22,39,79,253,139
43,충북,43130,충주시,2020,1394,1295,25,588,647,134,1394,0,753,641,868,526,72,197,270,855,0,675,216,154,113,62,76,98
43,충북,43740,영동군,2020,1395,1209,9,830,456,100,1391,4,240,1155,828,567,53,127,260,955,0,905,352,16,7,5,33,77
43,충북,43130,충주시,2021,4626,4224,2,4291,312,21,4626,0,269,4357,3403,1223,145,347,661,3473,0,4384,116,64,33,6,6,17
43,충북,43740,영동군,2021,3923,3829,51,3029,656,187,3922,1,341,3582,2353,1570,259,553,821,2290,0,3152,244,54,73,98,238,64
43,충북,43113,청주시 흥덕구,2013,4175,130,0,0,2882,1293,3560,0,4175,0,1338,2837,243,560,898,2474,0,33,408,462,660,886,1055,671
43,충북,43113,청주시 흥덕구,2022,2028,1546,153,100,1197,578,2028,0,1849,179,875,1153,109,309,475,1135,0,367,486,148,68,192,469,298
43,충북,43745,증평군,2022,2276,2097,173,1378,503,222,2276,0,453,1823,1804,472,63,214,369,1630,0,1660,245,38,20,35,143,135
43,충북,43130,충주시,2022,4637,4169,25,4095,420,97,4637,0,498,4139,3321,1316,236,478,823,3100,0,4234,155,51,19,39,81,58
43,충북,43720,보은군,2022,1063,941,187,106,293,477,1063,0,387,676,368,695,45,91,148,779,0,306,51,34,62,65,192,353
43,충북,43740,영동군,2023,382,379,0,208,84,90,382,0,12,370,276,106,13,41,71,257,0,211,6,5,9,24,94,33
43,충북,43750,진천군,2022,2048,1242,499,416,1090,43,2048,0,458,1590,1132,916,187,315,356,1190,0,1381,394,108,57,42,40,26
43,충북,43745,증평군,2019,6053,5105,0,2849,2139,1065,6050,3,1642,4411,3451,2602,292,775,1221,3765,0,2929,449,448,428,426,720,653
43,충북,43720,보은군,2020,139,131,0,23,102,14,46,0,130,9,80,59,5,16,23,95,0,37,31,8,15,24,18,6
43,충북,43745,증평군,2021,2891,2714,250,2048,525,68,2891,0,516,2375,2385,506,63,226,458,2144,0,2443,246,57,41,18,41,45
43,충북,43720,보은군,2021,735,604,26,265,247,197,734,0,376,359,323,412,45,83,111,496,0,296,39,22,54,81,120,123
43,충북,43750,진천군,2021,1827,1164,436,560,816,15,1827,0,286,1541,1095,732,169,299,323,1036,0,1330,355,44,31,32,29,6
43,충북,43113,청주시 흥덕구,2023,564,529,2,42,376,144,564,0,564,0,218,346,17,51,137,359,0,84,117,27,29,96,140,71
43,충북,43130,충주시,2023,403,380,0,190,182,31,403,0,156,247,254,149,26,43,62,272,0,200,104,29,9,13,34,14
43,충북,43720,보은군,2023,193,187,117,0,36,40,193,0,53,140,91,102,11,16,26,140,0,119,5,5,9,6,21,28
44,충남,44200,아산시,2023,491,446,1,32,399,59,326,0,306,185,291,200,20,83,124,264,0,41,129,93,76,52,66,34
44,충남,44250,계룡시,2021,2975,2791,3,2033,761,178,2975,0,825,2150,1546,1429,195,436,669,1675,0,2247,385,45,51,43,66,138
44,충남,44250,계룡시,2020,4038,3550,0,987,2826,225,4038,0,2551,1487,2961,1077,430,762,982,1864,0,1732,1857,92,49,23,134,151
44,충남,44250,계룡시,2023,103,86,0,1,85,17,103,0,86,17,87,16,7,17,27,52,0,5,40,28,7,3,15,5
44,충남,44200,아산시,2020,3323,3081,0,195,2833,295,2535,116,1565,1758,2563,760,177,477,777,1892,0,612,1146,553,394,242,165,211
44,충남,44133,천안시 서북구,2016,3739,2824,0,2945,637,157,3222,517,531,3208,2307,1432,149,326,696,2568,0,2954,118,101,149,187,166,64
44,충남,44200,아산시,2022,4305,4002,45,1789,2333,138,3458,0,1280,3025,2790,1515,217,612,779,2697,0,2191,924,462,269,205,189,65
44,충남,44133,천안시 서북구,2018,5901,5553,0,3931,1635,335,5497,404,521,5380,2890,3011,209,588,1142,3962,0,3968,273,407,411,362,296,184
44,충남,44133,천안시 서북구,2017,5702,4500,0,4112,1261,329,5111,591,640,5062,2867,2835,247,569,1052,3834,0,4137,260,238,333,306,222,206
44,충남,44200,아산시,2019,4249,4210,0,1604,2502,143,4143,106,316,3933,3020,1229,284,534,761,2670,0,1840,1511,377,169,149,103,100
44,충남,44133,천안시 서북구,2022,3358,3108,323,1677,1159,199,3358,0,1203,2155,1983,1375,156,421,632,2149,0,2175,589,86,109,117,167,115
44,충남,44133,천안시 서북구,2020,479,430,1,56,290,132,247,232,353,126,269,210,24,76,138,241,0,88,129,31,25,40,87,79
44,충남,44200,아산시,2021,3945,3267,9,547,3101,288,2681,0,2039,1906,2809,1135,227,722,964,2032,0,1093,1183,552,358,301,263,194
44,충남,44830,당진시,2016,1023,942,0,455,449,119,864,159,209,814,634,389,33,100,173,717,0,490,113,134,92,68,47,79
44,충남,44250,계룡시,2019,363,344,0,21,230,112,363,0,191,172,205,158,30,75,69,189,0,42,64,49,70,24,15,99
44,충남,44710,금산군,2015,4240,45,0,1017,2191,1032,2524,462,1640,2600,1938,2302,159,500,848,2733,0,1072,400,283,537,617,666,665
44,충남,44133,천안시 서북구,2023,515,445,0,25,372,118,515,0,326,189,236,279,33,89,120,273,0,32,136,29,81,65,112,60
44,충남,44133,천안시 서북구,2021,649,522,3,89,491,66,644,5,562,87,350,298,35,108,142,364,0,154,193,66,81,63,50,41
44,충남,44133,천안시 서북구,2019,5614,5256,0,3847,1428,339,5235,379,512,5102,2713,2901,255,643,1187,3529,0,3878,420,191,304,357,265,199
44,충남,44250,계룡시,2022,4559,4115,521,2779,948,311,4559,0,675,3884,2875,1684,203,506,741,3109,0,3512,605,40,41,21,77,263
45,전북,45130,군산시,2019,4094,3723,1,2612,1064,417,4094,0,979,3115,2048,2046,224,554,944,2372,0,2866,226,86,122,230,329,235
45,전북,45111,전주시 완산구,2018,8661,6834,0,5806,2259,596,7870,791,1235,7426,4860,3801,572,1206,2012,4871,0,5958,483,214,363,820,459,364
45,전북,45111,전주시 완산구,2020,1131,919,0,96,696,339,588,543,816,315,780,351,54,161,255,661,0,197,297,44,27,169,176,221
45,전북,45190,남원시,2020,1342,1258,0,790,348,204,1289,53,472,870,736,606,101,177,274,790,0,824,113,37,69,64,100,135
45,전북,45180,정읍시,2020,937,907,24,758,131,24,797,0,157,780,795,142,67,121,183,566,0,793,53,17,20,24,20,10
45,전북,45190,남원시,2018,5672,3760,0,3465,1613,594,5591,81,1058,4614,3145,2527,468,979,1218,3007,0,3522,597,208,349,287,278,431
45,전북,45190,남원시,2016,4702,2750,0,2435,1629,638,4381,321,1476,3226,2396,2306,334,670,932,2766,0,2459,420,257,492,343,366,365
45,전북,45140,익산시,2010,1,1,0,0,1,0,0,0,1,0,1,0,0,0,0,1,0,0,1,0,0,0,0,0
45,전북,45190,남원시,2017,5105,3336,0,2793,1785,527,4963,142,1392,3713,3016,2089,363,683,1008,3051,0,2846,593,215,443,366,260,382
45,전북,45140,익산시,2021,1526,933,59,548,907,12,1133,0,478,1048,943,583,174,291,289,772,0,1101,317,37,21,25,19,6
45,전북,45111,전주시 완산구,2023,1163,1097,1,230,808,124,1059,104,417,746,568,595,37,102,217,807,0,244,120,107,139,379,88,86
45,전북,45180,정읍시,2023,305,286,20,124,102,59,302,0,142,163,217,88,23,62,65,155,0,144,23,18,23,12,43,42
45,전북,45111,전주시 완산구,2019,7826,6101,0,4110,3102,614,6569,1257,1662,6164,4530,3296,557,1126,1612,4531,0,4748,864,271,369,817,386,371
45,전북,45111,전주시 완산구,2022,5563,5219,297,3068,1676,522,4901,662,1076,4487,2528,3035,214,642,1057,3650,0,3531,552,243,205,426,200,406
45,전북,45111,전주시 완산구,2016,3643,3160,0,1927,1345,371,2993,650,834,2809,1969,1674,139,458,734,2312,0,2008,533,141,207,245,290,219
45,전북,45190,남원시,2019,5380,4050,0,2525,2215,640,5218,162,914,4466,2904,2476,529,891,1146,2814,0,2745,1001,292,292,295,255,500
45,전북,45111,전주시 완산구,2021,4640,4462,407,3305,643,285,4334,306,528,4112,1962,2678,102,317,736,3485,0,3838,281,67,54,68,126,206
45,전북,45140,익산시,2022,1612,1109,88,358,1016,150,1230,0,544,1068,1005,607,154,325,342,791,0,862,299,115,87,64,74,111
45,전북,45180,정읍시,2022,3548,2791,246,2351,774,177,3400,0,962,2586,2474,1074,256,505,650,2137,0,2638,209,158,104,129,215,95
45,전북,45190,남원시,2015,4791,439,0,1455,2557,779,1872,313,1915,2876,2339,2452,173,497,975,3146,0,1541,471,492,819,542,447,479
45,전북,45111,전주시 완산구,2017,7265,5569,0,2879,3552,834,6551,714,1545,5720,4134,3131,338,883,1553,4491,0,3060,672,493,1101,880,542,517
45,전북,45130,군산시,2022,5227,4981,810,3167,1081,169,5227,0,769,4458,3684,1543,203,443,709,3872,0,4039,324,246,250,152,119,97
45,전북,45190,남원시,2021,1622,1455,243,1044,226,109,1619,3,288,1334,803,819,71,110,89,1352,0,1302,86,44,43,23,24,100
45,전북,45140,익산시,2020,736,607,3,153,507,73,408,0,464,272,520,216,41,107,166,422,0,376,201,27,25,19,39,49
45,전북,45130,군산시,2020,1853,1787,3,975,577,298,1853,0,522,1331,1201,652,65,227,389,1172,0,1045,200,95,60,98,156,199
45,전북,45140,익산시,2023,407,318,2,164,213,28,368,0,169,238,234,173,35,72,81,219,0,245,74,26,8,13,23,18
45,전북,45190,남원시,2014,4575,103,0,819,2545,1211,1148,0,2410,2165,2382,2193,94,391,804,3286,0,895,597,431,585,597,663,807
45,전북,45111,전주시 완산구,2014,3923,31,0,356,2517,1050,2001,0,3037,886,1834,2089,207,529,819,2368,0,539,584,444,560,541,540,715
45,전북,45190,남원시,2022,2558,2402,333,1596,425,204,2558,0,417,2141,1348,1210,173,320,481,1584,0,1968,186,69,50,35,87,163
45,전북,45180,정읍시,2021,3737,2939,268,2328,1003,138,3260,0,1044,2693,2550,1187,261,571,702,2203,0,2710,326,196,159,128,136,82
45,전북,45190,남원시,2023,228,217,0,2,164,62,228,0,83,145,121,107,20,23,56,129,0,7,45,7,48,45,27,49
45,전북,45130,군산시,2021,4110,3739,119,2772,1111,108,4110,0,811,3299,2898,1212,196,415,677,2822,0,2996,344,263,190,154,100,63
45,전북,45130,군산시,2023,1241,1152,226,725,183,107,1241,0,236,1005,566,675,34,93,163,951,0,955,39,19,30,47,83,68
46,전남,46720,곡성군,2021,1315,883,61,332,485,437,1315,0,1110,205,637,678,138,243,224,710,0,557,143,43,36,65,118,353
46,전남,46170,나주시,2022,2495,2235,346,1575,496,78,2495,0,322,2173,1150,1345,64,192,477,1762,0,2017,158,45,44,95,84,52
46,전남,46910,신안군,2022,1778,1435,58,420,1138,162,1778,0,528,1250,1053,725,69,144,235,1330,0,516,151,144,276,348,268,75
46,전남,46720,곡성군,2018,5352,4415,0,482,3136,1734,5352,0,2278,3074,2064,3288,203,688,1212,3249,0,565,639,541,607,844,909,1247
46,전남,46170,나주시,2020,524,395,0,93,342,89,524,0,334,190,341,183,18,66,156,284,0,200,93,34,38,38,64,57
46,전남,46910,신안군,2020,311,309,0,12,298,1,120,0,304,7,203,108,8,28,57,218,0,12,46,114,88,50,1,0
46,전남,46830,영암군,2021,2723,2519,10,1588,1039,86,2695,0,430,2293,1553,1170,173,457,594,1499,0,1728,454,215,98,92,56,80
46,전남,46910,신안군,2023,309,299,2,10,257,40,309,0,66,243,186,123,13,27,33,236,0,15,30,20,49,94,83,18
46,전남,46720,곡성군,2022,1790,1205,2,107,1014,667,1790,0,887,903,792,998,201,289,381,919,0,217,157,126,129,275,424,462
46,전남,46840,무안군,2023,486,451,0,287,155,44,486,0,179,307,220,266,21,58,93,314,0,300,71,3,3,25,58,26
46,전남,46840,무안군,2022,1685,1496,163,769,474,279,1677,0,522,1163,705,980,48,158,246,1233,0,1019,266,10,11,44,107,228
46,전남,46720,곡성군,2023,226,151,0,21,97,108,226,0,226,0,81,145,29,44,51,102,0,24,16,4,7,29,60,86
46,전남,46150,순천시,2021,895,757,19,126,677,73,191,704,843,52,508,387,61,155,177,502,0,205,229,111,84,114,99,53
46,전남,46720,곡성군,2020,350,267,4,65,156,125,350,0,350,0,191,159,44,53,75,178,0,129,62,6,7,9,37,100
46,전남,46110,목포시,2016,4991,4053,0,2314,2287,390,4845,146,1579,3412,1890,3101,171,510,927,3383,0,2445,528,541,472,469,287,249
46,전남,46830,영암군,2022,2608,2511,43,1288,1127,150,2602,0,332,2276,1755,853,70,219,477,1842,0,1597,619,69,32,75,102,114
46,전남,46830,영암군,2020,1130,1074,27,312,785,6,823,0,441,689,806,324,58,100,218,754,0,598,442,50,16,16,7,1
46,전남,46840,무안군,2021,1840,1639,640,243,858,99,1499,0,609,1231,1224,616,36,111,240,1453,0,985,344,156,137,89,59,70
46,전남,46110,목포시,2017,4902,3901,0,2602,1793,507,4882,20,1188,3714,1802,3100,198,621,988,3095,0,2772,468,480,360,208,216,398
46,전남,46170,나주시,2021,1398,1216,0,863,523,12,1398,0,409,989,773,625,53,131,182,1032,0,999,172,61,77,55,27,7
46,전남,46720,곡성군,2016,4514,3381,0,367,2553,1594,4390,124,1815,2699,1721,2793,104,441,1164,2805,0,597,449,256,402,828,911,1071
46,전남,46110,목포시,2022,3851,3791,33,1936,1853,29,3851,0,1280,2571,2151,1700,167,377,634,2673,0,2209,714,378,276,178,81,15
46,전남,46110,목포시,2014,3606,18,0,228,1885,1493,236,0,2741,865,1588,2018,67,254,718,2567,0,301,431,403,356,424,645,1046
46,전남,46150,순천시,2018,5541,4024,0,486,4252,803,1802,3739,3759,1782,2650,2891,106,617,1631,3187,0,777,2016,460,598,586,648,456
46,전남,46150,순천시,2022,2401,1983,176,747,1250,228,2293,108,1457,944,1247,1154,161,318,504,1418,0,996,391,146,115,280,306,167
46,전남,46110,목포시,2018,6457,5180,0,4557,1419,481,6450,7,992,5465,3158,3299,337,671,1279,4170,0,4706,302,320,333,212,222,362
46,전남,46110,목포시,2019,4617,3904,0,2949,1218,450,4617,0,867,3750,2176,2441,131,323,709,3454,0,3040,394,258,260,154,130,381
46,전남,46110,목포시,2015,4070,564,0,1048,2488,534,2511,141,1496,2574,1442,2628,81,324,693,2972,0,1220,786,465,541,367,299,392
46,전남,46110,목포시,2020,2232,2178,0,886,1256,90,2232,0,1372,860,1173,1059,125,270,456,1381,0,931,279,413,290,180,79,60
46,전남,46720,곡성군,2019,5161,3907,0,408,2685,2068,5161,0,1683,3478,1938,3223,268,678,1138,3077,0,609,456,357,436,757,988,1558
46,전남,46170,나주시,2019,5437,4648,0,3316,1740,381,5437,0,609,4828,2604,2833,138,557,1296,3446,0,3430,869,169,186,244,305,234
46,전남,46150,순천시,2015,5385,501,0,354,3967,1064,2213,2524,5019,366,2494,2891,219,511,938,3717,0,684,1418,546,644,706,732,655
46,전남,46150,순천시,2019,5918,3925,0,456,4206,1256,1455,4463,5286,632,2860,3058,153,619,1600,3546,0,749,1798,504,472,716,907,772
46,전남,46110,목포시,2021,3014,2945,14,1669,1317,14,3014,0,1373,1641,1664,1350,185,542,623,1664,0,1724,313,435,317,173,44,8
46,전남,46170,나주시,2023,668,617,0,466,146,56,668,0,99,569,345,323,31,66,171,400,0,484,40,4,7,31,76,26
46,전남,46720,곡성군,2017,4617,3505,0,601,2345,1671,4617,0,1853,2764,1762,2855,174,760,1276,2407,0,733,480,343,468,611,768,1214
46,전남,46150,순천시,2017,5266,3719,0,333,4066,867,1835,3431,3436,1830,2445,2821,165,555,1401,3145,0,531,1648,611,784,597,557,538
46,전남,46170,나주시,2017,4231,2925,0,2072,1639,520,4231,0,873,3358,2246,1985,83,363,940,2845,0,2385,743,127,139,178,349,310
46,전남,46720,곡성군,2015,3874,163,0,519,1805,1550,1389,340,2053,1821,1385,2489,47,182,559,3086,0,532,214,179,434,618,812,1085
46,전남,46230,광양시,2014,4240,4,0,1422,2146,672,1272,0,1393,2847,1230,3010,97,367,611,3165,0,1463,242,512,704,481,363,475
46,전남,46110,목포시,2023,251,228,13,36,146,56,251,0,160,91,174,77,16,50,59,126,0,53,28,8,8,36,80,38
46,전남,46150,순천시,2016,5359,3290,0,461,4043,855,1688,3671,3674,1685,2661,2698,154,424,631,4150,0,704,1304,669,880,661,608,533
46,전남,46840,무안군,2020,267,199,15,7,190,55,79,0,194,73,156,111,4,20,58,185,0,47,101,12,16,15,47,29
46,전남,46150,순천시,2014,4616,408,0,92,2999,1525,2652,0,4616,0,1574,3042,258,674,1151,2533,0,378,786,405,551,598,1004,894
46,전남,46830,영암군,2023,402,394,7,88,299,8,400,0,94,308,309,93,22,54,67,259,0,127,169,49,10,19,28,0
46,전남,46150,순천시,2023,524,437,0,14,429,81,524,0,507,17,298,226,40,122,126,236,0,24,71,28,32,107,219,43
46,전남,46170,나주시,2018,5546,5020,0,3146,1631,769,5546,0,512,5034,2901,2645,118,510,1124,3794,0,3385,684,114,169,272,356,566
46,전남,46910,신안군,2021,1336,1193,70,452,502,312,1317,0,382,954,655,681,36,69,109,1122,0,523,58,106,162,129,136,222
46,전남,46150,순천시,2020,1439,1316,0,91,855,493,180,1259,1439,0,811,628,41,168,418,812,0,190,278,84,84,164,319,320
47,경북,47170,안동시,2019,6273,4629,14,4114,1481,664,6269,4,734,5539,3950,2323,386,793,1271,3823,0,4479,321,237,252,189,323,472
47,경북,47170,안동시,2020,694,578,0,132,449,113,694,0,675,19,487,207,103,138,170,283,0,226,158,59,35,33,125,58
47,경북,47170,안동시,2022,2301,1966,240,1508,518,35,2300,1,382,1919,1325,976,84,237,427,1553,0,1824,194,68,64,39,105,7
47,경북,47190,구미시,2021,1902,1410,3,376,1455,68,1902,0,1082,820,1262,640,115,331,465,991,0,863,619,140,108,64,75,33
47,경북,47190,구미시,2023,310,249,0,29,271,10,310,0,291,19,219,91,21,45,68,176,0,66,103,54,50,22,7,8
47,경북,47113,포항시 북구,2016,4966,3231,0,2756,1594,616,3818,1148,1190,3776,2866,2100,177,499,954,3336,0,2852,233,284,279,465,494,359
47,경북,47113,포항시 북구,2021,2483,2165,0,1085,1275,123,1404,1079,1099,1384,2004,479,171,370,524,1418,0,1182,383,276,188,236,184,34
47,경북,47170,안동시,2017,4050,3696,0,2723,677,650,3808,242,457,3593,2801,1249,146,331,614,2959,0,2738,213,90,144,130,229,506
47,경북,47150,김천시,2019,3622,3542,0,2707,824,91,3621,1,750,2872,2041,1581,155,355,653,2459,0,2779,234,147,158,152,110,42
47,경북,47290,경산시,2021,1387,1174,1,474,886,26,1374,0,604,783,937,450,100,258,326,703,0,707,476,47,39,42,70,6
47,경북,47113,포항시 북구,2013,3626,64,0,0,2323,1303,1797,0,3626,0,1371,2255,77,329,806,2414,0,31,271,313,629,813,707,862
47,경북,47113,포항시 북구,2014,4214,78,0,587,2524,1103,1740,0,2399,1815,1933,2281,99,420,955,2740,0,710,472,333,498,794,718,689
47,경북,47190,구미시,2019,1601,1578,0,86,1507,8,1591,10,330,1271,938,663,39,102,217,1243,0,763,742,35,23,25,10,3
47,경북,47210,영주시,2020,600,547,237,98,236,29,362,0,257,343,348,252,38,61,126,375,0,371,78,35,34,29,41,12
47,경북,47113,포항시 북구,2018,5945,5209,0,4450,1029,466,5180,765,787,5158,3644,2301,208,569,1103,4065,0,4525,224,171,144,304,271,306
47,경북,47150,김천시,2021,1186,1113,11,932,222,21,1186,0,232,954,609,577,19,56,79,1032,0,972,87,31,22,17,41,16
47,경북,47150,김천시,2022,1150,955,59,227,668,196,1150,0,900,250,697,453,41,102,152,855,0,466,239,60,48,67,158,112
47,경북,47210,영주시,2022,1685,1390,756,103,690,136,1202,0,601,1084,801,884,73,199,258,1155,0,1004,174,102,82,104,140,79
47,경북,47113,포항시 북구,2019,6052,5258,0,4385,1472,195,5012,1040,1147,4905,3591,2461,272,716,1210,3854,0,4458,468,167,230,357,307,65
47,경북,47930,울진군,2015,3799,11,0,1978,918,903,2253,236,589,3210,1457,2342,60,295,729,2715,0,1980,73,254,265,234,325,668
47,경북,47170,안동시,2018,5660,4016,0,3381,1251,1028,5656,4,1001,4659,3732,1928,260,628,1198,3574,0,3403,170,277,356,267,443,744
47,경북,47190,구미시,2022,2079,1618,21,379,1608,71,2079,0,1308,771,1320,759,147,309,424,1199,0,763,591,304,179,142,50,50
47,경북,47113,포항시 북구,2015,4433,246,0,1470,2266,697,1319,1094,2002,2431,2312,2121,137,269,715,3312,0,1543,337,443,496,627,551,436
47,경북,47290,경산시,2023,232,216,1,24,191,16,194,0,204,28,116,116,13,33,44,142,0,47,96,19,21,24,14,11
47,경북,47170,안동시,2021,2148,1617,0,1547,551,50,2148,0,659,1489,1678,470,116,262,416,1354,0,1692,225,56,43,21,93,18
47,경북,47190,구미시,2020,1119,856,0,186,813,120,1119,0,827,292,821,298,78,200,263,578,0,490,337,34,16,68,115,59
47,경북,47150,김천시,2020,458,402,0,36,285,137,458,0,345,113,268,190,36,83,125,214,0,68,82,34,25,54,122,73
47,경북,47150,김천시,2023,263,196,13,26,176,48,263,0,205,58,125,138,12,40,54,157,0,49,99,25,8,25,27,30
47,경북,47290,경산시,2022,1553,1193,71,314,1057,111,1435,0,1002,551,1034,519,73,235,340,905,0,547,421,163,105,142,79,96
47,경북,47113,포항시 북구,2020,523,378,0,112,387,24,47,476,517,6,371,152,63,110,121,229,0,218,149,30,30,60,22,14
47,경북,47210,영주시,2021,1722,1452,349,392,829,152,1008,0,860,862,953,769,85,199,282,1156,0,906,202,112,127,153,127,95
47,경북,47113,포항시 북구,2023,189,169,0,20,154,15,178,11,189,0,104,85,22,44,51,72,0,32,83,16,18,14,15,11
47,경북,47170,안동시,2023,142,138,0,12,112,18,142,0,88,54,103,39,9,17,38,78,0,14,60,12,14,13,23,6
47,경북,47113,포항시 북구,2022,3474,3177,0,2157,1179,138,2076,1398,1420,2054,2103,1371,181,475,641,2177,0,2270,417,217,147,195,181,47
47,경북,47113,포항시 북구,2017,4619,3554,0,2492,1551,576,3533,1086,1102,3517,2657,1962,190,470,835,3124,0,2639,290,269,294,352,431,344
47,경북,47290,경산시,2020,560,501,0,91,460,9,419,0,293,267,432,128,16,59,141,344,0,256,257,19,2,10,9,7
47,경북,47210,영주시,2023,157,135,0,37,110,10,83,0,87,70,47,110,5,24,29,99,0,44,27,16,23,22,23,2
48,경남,48123,창원시 성산구,2015,4502,517,0,2052,1953,497,2513,822,2628,1874,1715,2787,135,394,861,3112,0,2196,305,271,543,544,356,287
48,경남,48123,창원시 성산구,2019,5681,4703,0,1166,2538,1977,5681,0,1389,4292,2358,3323,423,930,1150,3178,0,1480,739,274,319,577,852,1440
48,경남,48127,창원시 마산회원구,2022,2735,2068,122,568,1086,959,2724,0,904,1831,1827,908,324,582,666,1163,0,975,363,145,169,82,264,737
48,경남,48240,사천시,2022,4733,4554,309,3452,802,170,4733,0,735,3998,3334,1399,415,695,976,2647,0,3810,283,163,141,111,117,108
48,경남,48123,창원시 성산구,2022,1739,1495,120,161,1213,245,1739,0,1223,516,1043,696,143,304,435,857,0,437,461,133,131,175,253,149
48,경남,48123,창원시 성산구,2018,5717,4982,0,1224,2163,2330,5717,0,1210,4507,2321,3396,278,732,1250,3457,0,1315,427,335,422,630,890,1698
48,경남,48123,창원시 성산구,2017,5037,3797,0,853,2412,1772,4016,1021,1421,3616,1758,3279,272,655,979,3131,0,913,490,431,562,634,787,1220
48,경남,48123,창원시 성산구,2014,4264,144,0,1094,2211,959,1652,0,2537,1727,1461,2803,203,487,791,2783,0,1136,314,378,645,625,492,674
48,경남,48123,창원시 성산구,2023,263,246,7,11,174,71,263,0,257,6,120,143,9,34,71,149,0,30,72,20,18,28,52,43
48,경남,48240,사천시,2023,156,143,0,6,110,40,156,0,156,0,96,60,22,36,41,57,0,14,38,15,11,16,43,19
48,경남,48240,사천시,2016,3784,3295,0,2303,1245,236,3178,606,655,3129,1374,2410,135,447,901,2301,0,2464,263,272,228,223,171,163
48,경남,48123,창원시 성산구,2021,607,532,0,80,458,69,607,0,529,78,403,204,36,118,165,288,0,140,212,57,45,39,61,53
48,경남,48240,사천시,2018,5390,4449,0,3824,1255,311,5246,144,258,5132,3187,2203,291,804,1387,2908,0,3851,405,250,240,253,194,197
48,경남,48127,창원시 마산회원구,2021,3539,2254,17,762,2184,576,3509,0,1247,2292,2145,1394,427,757,751,1604,0,1497,830,216,185,170,214,427
48,경남,48240,사천시,2021,2130,2090,89,1832,177,32,2130,0,244,1886,1525,605,170,304,444,1212,0,1943,90,27,9,15,25,21
48,경남,48240,사천시,2017,5177,4374,0,3401,1382,394,4877,300,425,4752,2395,2782,202,631,1209,3135,0,3456,383,246,346,258,213,275
48,경남,48123,창원시 성산구,2016,4904,3006,0,1650,2260,994,3121,1783,1902,3002,1756,3148,240,561,978,3125,0,1700,399,364,539,672,555,675
48,경남,48123,창원시 성산구,2020,1050,880,0,125,645,280,1050,0,1024,26,777,273,116,225,289,420,0,306,289,54,20,41,181,159
48,경남,48123,창원시 성산구,2013,3227,80,0,0,2151,1076,2012,0,3227,0,950,2277,224,503,758,1742,0,39,327,412,668,609,387,785
48,경남,48127,창원시 마산회원구,2023,550,523,40,79,172,259,547,0,146,404,322,228,40,111,122,277,0,133,54,9,55,25,81,193
48,경남,48240,사천시,2020,1604,1579,19,1034,278,273,1604,0,413,1191,1178,426,238,258,342,766,0,1075,77,37,47,35,150,183
48,경남,48127,창원시 마산회원구,2020,1175,874,15,204,953,3,1173,1,465,710,718,457,148,176,238,613,0,619,444,32,17,44,19,0
48,경남,48240,사천시,2019,6833,5993,0,5420,1060,353,6791,42,613,6220,4214,2619,377,1064,1751,3641,0,5451,382,171,182,193,206,248
50,제주,50110,제주시,2020,1232,1126,0,75,1150,7,1138,94,849,383,795,437,121,195,301,615,0,156,292,305,337,133,4,5
50,제주,50110,제주시,2021,2703,2547,2,884,1791,26,2702,1,781,1922,1739,964,200,422,631,1450,0,939,469,457,515,218,95,10
50,제주,50130,서귀포시,2014,3685,4,0,97,2432,1156,747,0,1430,2255,1472,2213,104,411,868,2302,0,162,357,511,567,715,437,936
50,제주,50110,제주시,2018,5633,3478,0,3356,1872,405,5602,31,1736,3897,2381,3252,422,724,1258,3229,0,3400,232,316,490,537,422,236
50,제주,50110,제주시,2022,4300,3727,271,2023,1859,147,4300,0,867,3433,2511,1789,203,545,856,2696,0,2351,547,510,464,232,95,101
50,제주,50110,제주시,2019,5444,3748,0,1787,2717,940,5444,0,3023,2421,1966,3478,570,771,1192,2911,0,1848,750,447,603,533,692,571
50,제주,50110,제주시,2015,3860,147,0,1399,1936,525,3146,412,1426,2434,1595,2265,122,435,772,2531,0,1416,304,355,492,566,398,329
50,제주,50110,제주시,2017,5040,3008,0,2842,1788,410,4744,296,1287,3753,2148,2892,317,618,1135,2970,0,2872,226,241,448,587,428,238
50,제주,50110,제주시,2023,716,646,3,443,207,63,544,172,277,439,431,285,24,66,133,493,0,449,109,29,16,23,44,46
50,제주,50110,제주시,2016,4833,3044,0,2940,1658,235,4340,493,1175,3658,2150,2683,206,528,1076,3023,0,3009,318,219,327,509,335,116
60,세종,60730,세종시,2023,1249,1106,1,620,452,176,1249,0,209,1040,853,396,56,145,227,821,0,628,88,87,104,77,164,101
60,세종,60730,세종시,2021,2767,2411,4,1255,1036,472,2767,0,1155,1612,1177,1590,203,387,582,1595,0,1360,335,209,201,114,272,276
60,세종,60730,세종시,2019,7126,6065,0,4604,1929,593,6829,297,574,6552,3387,3739,612,1109,1520,3885,0,4644,244,456,540,433,507,302
60,세종,60730,세종시,2016,3602,3018,0,1680,1618,304,2515,1087,1349,2253,1719,1883,198,431,697,2276,0,1705,333,426,363,336,290,149
60,세종,60730,세종시,2022,4236,3646,15,3093,917,211,4236,0,1097,3139,2639,1597,248,499,732,2757,0,3178,280,153,194,114,223,94
60,세종,60730,세종시,2017,4871,4414,0,2807,1970,94,4464,407,797,4074,2807,2064,283,632,877,3079,0,2834,311,507,584,392,211,32
60,세종,60730,세종시,2018,6284,5022,0,4158,1951,175,5914,370,526,5758,3236,3048,424,813,1239,3808,0,4193,181,451,627,471,289,72
60,세종,60730,세종시,2020,2146,1788,15,626,1149,356,2035,111,614,1532,1011,1135,183,380,490,1093,0,743,334,178,220,202,258,211
